{
  "StayMate Homepage" : {
    "transaction" : "StayMate Homepage",
    "sampleCount" : 1980,
    "errorCount" : 0,
    "errorPct" : 0.0,
    "meanResTime" : 22.80404040404038,
    "medianResTime" : 19.0,
    "minResTime" : 13.0,
    "maxResTime" : 405.0,
    "pct1ResTime" : 25.0,
    "pct2ResTime" : 29.0,
    "pct3ResTime" : 252.57000000000016,
    "throughput" : 0.8370135862523477,
    "receivedKBytesPerSec" : 1.4792206324218904,
    "sentKBytesPerSec" : 0.407566896091527
  },
  "Get Hotels" : {
    "transaction" : "Get Hotels",
    "sampleCount" : 1945,
    "errorCount" : 0,
    "errorPct" : 0.0,
    "meanResTime" : 176.32133676092542,
    "medianResTime" : 129.0,
    "minResTime" : 39.0,
    "maxResTime" : 780.0,
    "pct1ResTime" : 363.4000000000001,
    "pct2ResTime" : 421.6999999999998,
    "pct3ResTime" : 526.54,
    "throughput" : 0.8278610793776187,
    "receivedKBytesPerSec" : 621.5746387425205,
    "sentKBytesPerSec" : 0.20066594733377657
  },
  "Debug Sampler" : {
    "transaction" : "Debug Sampler",
    "sampleCount" : 920,
    "errorCount" : 0,
    "errorPct" : 0.0,
    "meanResTime" : 0.15978260869565208,
    "medianResTime" : 0.0,
    "minResTime" : 0.0,
    "maxResTime" : 2.0,
    "pct1ResTime" : 1.0,
    "pct2ResTime" : 1.0,
    "pct3ResTime" : 1.0,
    "throughput" : 0.396651570912678,
    "receivedKBytesPerSec" : 0.19071678495793767,
    "sentKBytesPerSec" : 0.0
  },
  "View Hotel" : {
    "transaction" : "View Hotel",
    "sampleCount" : 1755,
    "errorCount" : 0,
    "errorPct" : 0.0,
    "meanResTime" : 59.610256410256355,
    "medianResTime" : 32.0,
    "minResTime" : 17.0,
    "maxResTime" : 527.0,
    "pct1ResTime" : 140.0,
    "pct2ResTime" : 202.19999999999982,
    "pct3ResTime" : 334.7600000000002,
    "throughput" : 0.7566439156128623,
    "receivedKBytesPerSec" : 92.77862250145832,
    "sentKBytesPerSec" : 0.1763978336163742
  },
  "Total" : {
    "transaction" : "Total",
    "sampleCount" : 12435,
    "errorCount" : 1,
    "errorPct" : 0.008041818,
    "meanResTime" : 57.81519903498175,
    "medianResTime" : 20.0,
    "minResTime" : 0.0,
    "maxResTime" : 780.0,
    "pct1ResTime" : 155.0,
    "pct2ResTime" : 252.0,
    "pct3ResTime" : 410.27999999999884,
    "throughput" : 5.24772113436867,
    "receivedKBytesPerSec" : 711.9380232291315,
    "sentKBytesPerSec" : 1.522669718122257
  },
  "Check Available Rooms" : {
    "transaction" : "Check Available Rooms",
    "sampleCount" : 220,
    "errorCount" : 0,
    "errorPct" : 0.0,
    "meanResTime" : 16.07272727272727,
    "medianResTime" : 12.0,
    "minResTime" : 8.0,
    "maxResTime" : 92.0,
    "pct1ResTime" : 23.50000000000003,
    "pct2ResTime" : 55.799999999999955,
    "pct3ResTime" : 81.0,
    "throughput" : 0.09661394472979715,
    "receivedKBytesPerSec" : 0.043212096373288184,
    "sentKBytesPerSec" : 0.0404759592666826
  },
  "StayMate Homepage-0" : {
    "transaction" : "StayMate Homepage-0",
    "sampleCount" : 1980,
    "errorCount" : 0,
    "errorPct" : 0.0,
    "meanResTime" : 16.289898989899005,
    "medianResTime" : 14.0,
    "minResTime" : 10.0,
    "maxResTime" : 400.0,
    "pct1ResTime" : 19.0,
    "pct2ResTime" : 22.0,
    "pct3ResTime" : 44.0,
    "throughput" : 0.8370150015915967,
    "receivedKBytesPerSec" : 0.5798254311155677,
    "sentKBytesPerSec" : 0.2033750938999784
  },
  "Get Rooms" : {
    "transaction" : "Get Rooms",
    "sampleCount" : 220,
    "errorCount" : 0,
    "errorPct" : 0.0,
    "meanResTime" : 33.345454545454565,
    "medianResTime" : 25.0,
    "minResTime" : 21.0,
    "maxResTime" : 241.0,
    "pct1ResTime" : 70.70000000000002,
    "pct2ResTime" : 85.94999999999999,
    "pct3ResTime" : 96.78999999999999,
    "throughput" : 0.09660291459775425,
    "receivedKBytesPerSec" : 1.3238124139904732,
    "sentKBytesPerSec" : 0.03386762337948611
  },
  "Book Room" : {
    "transaction" : "Book Room",
    "sampleCount" : 210,
    "errorCount" : 1,
    "errorPct" : 0.47619048,
    "meanResTime" : 94.95714285714286,
    "medianResTime" : 68.0,
    "minResTime" : 38.0,
    "maxResTime" : 491.0,
    "pct1ResTime" : 163.70000000000002,
    "pct2ResTime" : 292.39999999999986,
    "pct3ResTime" : 385.89999999999986,
    "throughput" : 0.09625865525741857,
    "receivedKBytesPerSec" : 0.04010911591811047,
    "sentKBytesPerSec" : 0.046168702117048696
  },
  "Get Notifications" : {
    "transaction" : "Get Notifications",
    "sampleCount" : 185,
    "errorCount" : 0,
    "errorPct" : 0.0,
    "meanResTime" : 31.351351351351365,
    "medianResTime" : 24.0,
    "minResTime" : 20.0,
    "maxResTime" : 117.0,
    "pct1ResTime" : 61.400000000000006,
    "pct2ResTime" : 76.69999999999999,
    "pct3ResTime" : 103.23999999999978,
    "throughput" : 0.08282366930344398,
    "receivedKBytesPerSec" : 0.05034344751173074,
    "sentKBytesPerSec" : 0.030102713801467635
  },
  "Login" : {
    "transaction" : "Login",
    "sampleCount" : 1040,
    "errorCount" : 0,
    "errorPct" : 0.0,
    "meanResTime" : 138.88461538461524,
    "medianResTime" : 117.0,
    "minResTime" : 110.0,
    "maxResTime" : 470.0,
    "pct1ResTime" : 198.89999999999998,
    "pct2ResTime" : 231.0,
    "pct3ResTime" : 373.76999999999975,
    "throughput" : 0.4426673431531706,
    "receivedKBytesPerSec" : 0.3038952711050169,
    "sentKBytesPerSec" : 0.1966551833419597
  },
  "StayMate Homepage-1" : {
    "transaction" : "StayMate Homepage-1",
    "sampleCount" : 1980,
    "errorCount" : 0,
    "errorPct" : 0.0,
    "meanResTime" : 6.446969696969693,
    "medianResTime" : 4.0,
    "minResTime" : 2.0,
    "maxResTime" : 351.0,
    "pct1ResTime" : 5.0,
    "pct2ResTime" : 7.0,
    "pct3ResTime" : 53.190000000000055,
    "throughput" : 0.8371002846140967,
    "receivedKBytesPerSec" : 0.8994893417421748,
    "sentKBytesPerSec" : 0.20421329642904856
  }
}